INSERT INTO skill_level (skill_level) VALUES
('beginner'),
('intermediate'),
('advanced');

INSERT INTO instructor_instrument (instrument) VALUES
('guitarr'),
('drums'),
('piano'),
('trumpet'),
('saxophone'),
('bass');

INSERT INTO student_instrument (instrument) VALUES
('guitarr'),
('drums'),
('piano'),
('trumpet'),
('saxophone'),
('bass');

INSERT INTO instrument (instrument) VALUES
('guitarr'),
('drums'),
('piano'),
('trumpet'),
('saxophone'),
('bass');

INSERT INTO level_price (level_price) VALUES 
('beginner'),
('intermediate'),
('advanced');

INSERT INTO type_of_lesson_price (type_of_lesson) VALUES
('individual'),
('group'),
('ensamble');

INSERT INTO genre (genre) VALUES
('Christmas rock'),
('Christmas classics'),
('Christmas hiphop');

INSERT INTO person (first_name, last_name, personal_number, street, zip_code, city)
VALUES
  ('Dora Thornton','Ursula Daniel','199109101036','719-8747 Adipiscing, Street','7292','San Juan (San Juan de Tibás]'),
  ('Stephen Hobbs','Quamar Schwartz','199812111140','P.O. Box 584, 8573 Eleifend, Av.','7785','Ełk'),
  ('Justina Booth','Aurelia Mayer','199110212135','6578 Faucibus Rd.','54805','Mariakerke'),
  ('Emi Taylor','Jesse Little','199710141454','P.O. Box 855, 5179 Auctor St.','38363','Canberra'),
  ('Halla Frank','Renee Charles','199909262646','P.O. Box 237, 3188 Malesuada Street','1777','Yeosu'),
  ('Boris Strickland','Rhiannon Thompson','199407303030','6703 Amet Av.','24118','Tibet'),
  ('Otto Vinson','Ariel Lindsay','199109282853','889-4697 Commodo St.','82755','Galway'),
  ('Rama Frank','Joshua Newman','199705282802','506-838 Et Av.','02432','Vienna'),
  ('Alexa Yang','Dorian Gross','199011252509','8951 Dolor Road','1196-2345','Hong Kong'),
  ('Mona Roth','Rebekah Campbell','199405232336','406-114 Etiam St.','5974','Meppel'),
  ('Rahim Graves','Ginger Sutton','199602101009','150-693 Nunc Rd.','47478','Maicao'),
  ('Debra Wells','Karina Joseph','200005151539','Ap #136-8059 Rutrum, St.','34882','Kaduna'),
  ('Xenos Bates','Constance Compton','199211282829','529-1445 Nullam Rd.','50113','Broken Arrow'),
  ('Ella Mills','Byron Romero','199205171736','Ap #541-235 Mi. Rd.','17412','Wanneroo'),
  ('Gage Ryan','Jaime Holland','199708212103','832-499 Id, Street','7078','Santa Cruz de Tenerife'),
  ('Dustin Ferguson','Anthony Byers','200004131335','838-2823 Lorem, St.','1135','San Isidro de El General'),
  ('Reagan Walter','Quintessa Mosley','199409202032','993-2243 Aliquet Rd.','56835','Ulm'),
  ('Justina Patrick','Dominic Ewing','199502181802','Ap #221-1370 Hendrerit Street','64748','Dijon'),
  ('Martena Roth','Guy Gallegos','199911131343','Ap #760-1470 Eu Street','50208','Ödemiş'),
  ('Mariko Rivera','Irene Johns','199005060649','9209 Egestas. Road','4210','Bukit Panjang'),
  ('Boris Munoz','Oprah Cash','199704202035','P.O. Box 172, 2384 Tincidunt St.','381416','Odendaalsrus'),
  ('Kirby Branch','Henry Arnold','199904232350','P.O. Box 773, 8624 Feugiat Av.','6786','General Santos'),
  ('Mannix Snyder','Lester Maxwell','199111121227','967-6343 Felis Rd.','2268','Bruck an der Mur'),
  ('Ulysses Melton','Hilda Bonner','199202131328','P.O. Box 533, 2290 Sociis Avenue','4768','Kingston-on-Thames'),
  ('Sara Elliott','Shay Cantrell','199504101016','839-8951 Mauris Street','143250','Toledo'),
  ('Simon Cooley','Isabella Langley','199301090927','Ap #277-1065 Sed St.','186358','Diamer'),
  ('Alden Haney','Grace Sutton','199001232311','P.O. Box 356, 8749 Adipiscing Av.','764447','Cauayan'),
  ('Tara Oneil','Bell Banks','199501030342','872-8218 Tempor Rd.','4019 ON','Ibagué'),
  ('Ora Greer','Kennan Miller','199008131338','Ap #499-566 Suspendisse Av.','777989','Anyang'),
  ('Dylan Kemp','Cyrus Davenport','199611151540','Ap #915-9261 Pede. St.','H0X 7T1','Huelva'),
  ('Ocean Hamilton','Fay Santiago','199701161615','Ap #722-6853 Libero Street','J5K 1H8','Vienna'),
  ('Carol Silva','Shafira Livingston','199705171718','459-6488 Et, Street','03857','Bathurst'),
  ('Shay Pruitt','Aspen Stuart','199008282816','641-904 Aliquam Avenue','666677','Sale'),
  ('Lars Singleton','Lawrence Watkins','199810232329','175-8153 Dignissim Ave','36816','Pickering'),
  ('Wayne Short','Isabella Walker','199510131328','354-7651 Orci Rd.','3488','Serangoon'),
  ('Jakeem Hurst','Colby Fox','199008313133','P.O. Box 620, 4922 Nulla Av.','77586','Pirna'),
  ('Uriah Trujillo','Laith Compton','199501141434','7772 Suspendisse Rd.','222316','Warszawa'),
  ('Eagan Newton','Sean Hines','199305181853','4394 Sodales Ave','74852','Huaraz'),
  ('Jenette Peters','Suki Henry','199212070745','Ap #369-6193 Egestas Ave','445836','Utrecht'),
  ('Cally Schneider','Gil Jones','199904090931','Ap #158-8651 Erat Street','16-81','Secunda'),
  ('Clarke Wilder','Kasimir Barnes','199009090922','Ap #493-4816 Ligula Rd.','4626 DA','Kaliningrad'),
  ('Paul Floyd','Erica Mcclain','199111303056','Ap #243-1874 Facilisis Avenue','7440','Palmerston'),
  ('Evangeline Roach','Keegan Hines','199609080808','P.O. Box 490, 1546 In St.','6596-0537','Gangneung'),
  ('Jessamine Greene','Keith Acevedo','199310212107','745-8738 Neque Avenue','r3G 3R6','Henan'),
  ('Blake Bird','Colette Gaines','199008222240','631-4159 Odio Rd.','51518','Okpoko'),
  ('Jeremy Hayes','Perry Snyder','199910161637','1484 Rutrum St.','61157','Linton'),
  ('Oscar Chapman','Rinah Mosley','199606070734','3420 Tempor St.','8338','Diamer'),
  ('Richard Santiago','Reese Doyle','199101282829','Ap #706-8171 Faucibus Ave','50811','Soledad de Graciano Sánchez'),
  ('Howard Wilcox','Simon Parrish','199208050514','283-3713 Pede. Street','6286-7833','Orenburg'),
  ('Adam Mayer','Hilel Chang','199905151522','Ap #642-8691 Accumsan St.','38841','Narvik');
INSERT INTO person (first_name,last_name,personal_number,street,zip_code,city)
VALUES
  ('Kareem Woods','Melissa Ortiz','199405101056','3647 Sem Street','85168','Klerksdorp'),
  ('Judah Pratt','Brennan York','199111040431','P.O. Box 809, 9108 Vitae Rd.','241682','Garzón'),
  ('Allegra Hebert','Stella Le','199811040449','Ap #931-2691 Aliquam Rd.','50-113','Smolensk'),
  ('Basia Glass','Christian Brown','199703272709','308-3059 Dictum St.','847759','Chernihiv'),
  ('Nyssa Ball','Lawrence Francis','199805060642','160-2995 Massa. Street','67151-641','Lennik'),
  ('Xantha Giles','Ronan Mccormick','199803040402','Ap #225-7580 Tellus Avenue','21631','Holmestrand'),
  ('Leroy Patel','Amelia Bates','200003080829','5992 Mi, St.','30257','Coronel'),
  ('Xanthus Bates','Hayden Glover','199404232349','P.O. Box 138, 5590 Aenean Rd.','8770','Murcia'),
  ('Edward Guy','Gail Summers','199812070732','130-9319 Ipsum Rd.','3099','Quy Nhơn'),
  ('Damian Day','Zane Beach','200012131312','211-4942 Quam. St.','31911','Córdoba'),
  ('Ahmed Melendez','Tobias Bryan','199801252528','5925 Erat Road','498279','Marina East'),
  ('Mechelle Armstrong','Rama Sosa','199806111137','Ap #379-1154 Arcu. St.','20406','Yunnan'),
  ('Phillip Melendez','Chastity Burch','199609202033','Ap #348-2581 Eget Road','125325','Portsmouth'),
  ('Connor Duncan','Signe Barker','199302121227','Ap #694-5763 Tincidunt Av.','883335','Seogwipo'),
  ('Kasimir Lawson','Fritz Carroll','199110262646','P.O. Box 786, 5773 Est. St.','6666','Chillán'),
  ('Alexandra Hendrix','Adam Maddox','199110060627','Ap #915-2323 Libero. Street','3795','Alaminos'),
  ('Adria Odom','Jackson Benton','199108151552','884-2741 Nibh Rd.','46873','Naga'),
  ('Abraham Crosby','Jerry Chang','199710010103','936-7814 Quis Av.','48934','Bedok'),
  ('Xavier Rutledge','Keegan Cole','199907121240','4959 Purus Road','848814','Zielona Góra'),
  ('Acton Alston','Sarah Howard','198912060640','539-7246 Ultrices St.','1864 VC','Berdychiv'),
  ('Wallace Mathews','Winter Patel','200011292936','Ap #685-504 Eget, Rd.','758294','Nedlands'),
  ('Salvador Willis','Sopoline Crosby','200004272738','P.O. Box 898, 5239 Mauris Avenue','2760-6647','Metz'),
  ('Tate Martinez','Mari Sweeney','199701131335','8725 Suspendisse Rd.','2226','Imphal'),
  ('Colt Neal','Tallulah Preston','199211070707','Ap #928-9449 Facilisis Ave','17261','Wonju'),
  ('Hakeem Washington','Marvin Petty','199706121238','Ap #282-6796 Nisl. Street','262727','Brovary'),
  ('Matthew Osborn','Xena Barrera','199903242432','184-6021 Turpis Street','9697-8982','Mmabatho'),
  ('Lionel Delaney','Michelle Ortega','200002252536','Ap #522-4158 Sit Rd.','69517','Nizip'),
  ('Armando Britt','Troy Cline','199203272756','Ap #569-9826 Turpis. Street','682588','Ceuta'),
  ('Ian Love','Edan Fitzpatrick','199412262656','Ap #616-6423 Urna. Road','165054','Finspång'),
  ('Katelyn Small','Cheyenne Cox','199605292929','6212 Arcu. Ave','8188','Hebei'),
  ('Cairo Johns','Gabriel Wright','199907181801','7324 Consectetuer St.','6555','Sichuan'),
  ('Abigail Odom','Simone Hale','199112141433','Ap #222-9739 Donec Av.','150735','Kupang'),
  ('Melinda Mcclain','Dorothy Ware','199505252543','P.O. Box 559, 7586 Curae Avenue','49-35','Stratford'),
  ('Whitney Ortiz','Amal Brown','199108272712','8579 Fusce Av.','5144','Hilo'),
  ('Evan Diaz','Ishmael Myers','199209202043','Ap #498-5083 Fermentum St.','2627','Abeokuta'),
  ('Colby Mckee','Rama Guthrie','199704010157','P.O. Box 482, 3399 Tempor Street','7213','Rankweil'),
  ('Amir Hoffman','Chancellor Sellers','200007161629','787-8056 Dolor Rd.','15236','Mérida'),
  ('Marvin Gordon','Fredericka Alford','199204151548','919-574 Dictum St.','11016','Kungälv'),
  ('Beck Fuentes','Maggie Hewitt','199601090958','P.O. Box 772, 3184 Tempus Street','32668-45875','Quesada'),
  ('Alvin Vargas','Hayley Larson','199205090919','Ap #843-5412 Vitae Ave','74312','Brandon'),
  ('Hyacinth Brock','Austin Delaney','199402242416','642-4524 Velit Road','77L 7T4','Cork'),
  ('Brennan Bridges','Sawyer Lester','200004131357','P.O. Box 196, 3400 Mauris Road','48418','Ternate'),
  ('Breanna Whitaker','Lucas Frost','199102141407','Ap #572-7380 Odio Avenue','3731','Chapadinha'),
  ('Hedwig Robles','Isaac O''connor','199111232301','P.O. Box 333, 1789 Mauris Rd.','826253','Värnamo'),
  ('Grady Browning','Castor Webb','199512060612','P.O. Box 901, 6220 A St.','7641-9589','Daejeon'),
  ('Armand Hubbard','Nathan Gillespie','199502141409','P.O. Box 349, 3835 Orci, St.','432542','Cork'),
  ('Bradley Mejia','Henry Hanson','199905292906','Ap #381-4400 Sapien. Rd.','51975','Buguma'),
  ('Simone Duke','Dalton Lowe','199410050532','Ap #955-5775 Ligula. Road','64068-32208','Minna'),
  ('Dawn Benson','Orla Farmer','199609181851','P.O. Box 590, 1614 Vulputate, St.','0519','Tibet'),
  ('Amir Gregory','Yardley Calhoun','199909010122','Ap #788-8990 Quam. Road','34965','Montalto Uffugo');


insert into phone (phone_number) values ('3437184031');
insert into phone (phone_number) values ('2802216941');
insert into phone (phone_number) values ('2714494392');
insert into phone (phone_number) values ('9479369938');
insert into phone (phone_number) values ('1714276621');

insert into email (email) values ('aodunneen0@domainmarket.com');
insert into email (email) values ('cantonellini1@blogs.com');
insert into email (email) values ('kovett2@ow.ly');
insert into email (email) values ('hbullent3@dion.ne.jp');
insert into email (email) values ('hpedler4@toplist.cz');

insert into ensamble (min_number, max_number, genre_id) values 
(2, 7, 1),
(2, 7, 2),
(2, 7, 3);

insert into group_lesson (max_number, instrument, min_number) values 
(29, (SELECT instrument_id FROM instrument WHERE instrument ILIKE 'guitarr'), 2),
(29, (SELECT instrument_id FROM instrument WHERE instrument ILIKE 'drums'), 2),
(29, (SELECT instrument_id FROM instrument WHERE instrument ILIKE 'piano'), 2),
(29, (SELECT instrument_id FROM instrument WHERE instrument ILIKE 'trumpet'), 2),
(29, (SELECT instrument_id FROM instrument WHERE instrument ILIKE 'saxophone'), 2),
(29, (SELECT instrument_id FROM instrument WHERE instrument ILIKE 'bass'), 2);


insert into individual (instrument) values 
((SELECT instrument_id FROM instrument WHERE instrument ILIKE 'guitarr')),
((SELECT instrument_id FROM instrument WHERE instrument ILIKE 'drums')),
((SELECT instrument_id FROM instrument WHERE instrument ILIKE 'piano')),
((SELECT instrument_id FROM instrument WHERE instrument ILIKE 'trumpet')),
((SELECT instrument_id FROM instrument WHERE instrument ILIKE 'saxophone')),
((SELECT instrument_id FROM instrument WHERE instrument ILIKE 'bass'));

INSERT INTO instructor (employment_id, person_id)
VALUES
  (1,51),
  (2,52),
  (3,53),
  (4,54),
  (5,55),
  (6,56),
  (7,57),
  (8,58),
  (9,59),
  (10,60),
  (11,61),
  (12,62),
  (13,63),
  (14,64),
  (15,65),
  (16,66),
  (17,67),
  (18,68),
  (19,69),
  (20,70),
  (21,71),
  (22,72),
  (23,73),
  (24,74),
  (25,75),
  (26,76),
  (27,77),
  (28,78),
  (29,79),
  (30,80),
  (31,81),
  (32,82),
  (33,83),
  (34,84),
  (35,85),
  (36,86),
  (37,87),
  (38,88),
  (39,89),
  (40,90),
  (41,91),
  (42,92),
  (43,93),
  (44,94),
  (45,95),
  (46,96),
  (47,97),
  (48,98),
  (49,99),
  (50,100);

/*
insert into price (student_pay, instructor_salary, level_price_id, type_of_lesson_price_id) values (3514, 4690, (SELECT level_price_id FROM level_price WHERE level_price_id ILIKE 'beginner'), (SELECT type_of_lesson_price_id FROM type_of_lesson_price WHERE type_of_lesson_price_id ILIKE 'individual'));
insert into price (student_pay, instructor_salary, level_price_id, type_of_lesson_price_id) values (112, 2697,  (SELECT level_price_id FROM level_price WHERE level_price_id ILIKE 'intermediate'), (SELECT type_of_lesson_price_id FROM type_of_lesson_price WHERE type_of_lesson_price_id ILIKE 'individual'));
insert into price (student_pay, instructor_salary, level_price_id, type_of_lesson_price_id) values (5388, 8797, (SELECT level_price_id FROM level_price WHERE level_price_id ILIKE 'advanced'), (SELECT type_of_lesson_price_id FROM type_of_lesson_price WHERE type_of_lesson_price_id ILIKE 'individual'));
insert into price (student_pay, instructor_salary, level_price_id, type_of_lesson_price_id) values (8457, 1673, (SELECT level_price_id FROM level_price WHERE level_price_id ILIKE 'beginner'), (SELECT type_of_lesson_price_id FROM type_of_lesson_price WHERE type_of_lesson_price_id ILIKE 'group_lesson'));
insert into price (student_pay, instructor_salary, level_price_id, type_of_lesson_price_id) values (8457, 1673, (SELECT level_price_id FROM level_price WHERE level_price_id ILIKE 'intermediate'), (SELECT type_of_lesson_price_id FROM type_of_lesson_price WHERE type_of_lesson_price_id ILIKE 'group_lesson'));
insert into price (student_pay, instructor_salary, level_price_id, type_of_lesson_price_id) values (8457, 1673, (SELECT level_price_id FROM level_price WHERE level_price_id ILIKE 'advanced'), (SELECT type_of_lesson_price_id FROM type_of_lesson_price WHERE type_of_lesson_price_id ILIKE 'group_lesson'));
insert into price (student_pay, instructor_salary, level_price_id, type_of_lesson_price_id) values (8457, 1673, null , (SELECT type_of_lesson_price_id FROM type_of_lesson_price WHERE type_of_lesson_price_id ILIKE 'ensamble'));
*/
insert into price (student_pay, instructor_salary, level_price_id, type_of_lesson_price_id) values(100,50,1,1);
insert into price (student_pay, instructor_salary, level_price_id, type_of_lesson_price_id) values(100,50,2,1);
insert into price (student_pay, instructor_salary, level_price_id, type_of_lesson_price_id) values(100,50,3,1);
insert into price (student_pay, instructor_salary, level_price_id, type_of_lesson_price_id) values(100,50,1,2);
insert into price (student_pay, instructor_salary, level_price_id, type_of_lesson_price_id) values(100,50,2,2);
insert into price (student_pay, instructor_salary, level_price_id, type_of_lesson_price_id) values(100,50,3,2);
insert into price (student_pay, instructor_salary, level_price_id, type_of_lesson_price_id) values(100,50,null,3);

insert into person_email (person_id, email_id) values(1,2);
insert into person_email (person_id, email_id) values(2,3);
insert into person_email (person_id, email_id) values(3,4);
insert into person_email (person_id, email_id) values(4,5);

insert into person_phone (person_id, phone_id) values(1,2);
insert into person_phone (person_id, phone_id) values(2,3);
insert into person_phone (person_id, phone_id) values(3,4);
insert into person_phone (person_id, phone_id) values(4,5);

INSERT INTO student (enrollment_id, contactperson_phonenumber, contactperson_email, contactperson_name, person_id, student_instrument_id)
VALUES
  (1,'(549) 783-6524','posuere.enim.nisl@hotmail.ca','Darius Doyle',1,3),
  (2,'1-852-454-1605','mauris.nulla@google.net','Axel Burton',2,3),
  (3,'(374) 913-3130','elementum.sem@aol.com','Kay Vaughn',3,4),
  (4,'(373) 891-1455','luctus.et.ultrices@icloud.ca','Libby Rivas',4,4),
  (5,'(456) 882-7560','arcu.morbi@icloud.org','Dara Bennett',5,3),
  (6,'1-928-873-7403','lobortis.quis@protonmail.couk','Acton Quinn',6,6),
  (7,'(874) 518-1188','porttitor.vulputate@outlook.com','Martena Evans',7,5),
  (8,'1-831-956-9633','cras.convallis@yahoo.couk','Geoffrey Franklin',8,1),
  (9,'(551) 438-2684','in.lorem.donec@yahoo.com','Rhea Weeks',9,6),
  (10,'1-412-151-1144','a.malesuada.id@aol.org','Hoyt Slater',10,3),
  (11,'(344) 267-5558','vitae@outlook.edu','Teegan Tillman',11,1),
  (12,'(671) 279-4413','est.nunc.laoreet@protonmail.ca','Kamal Nunez',12,2),
  (13,'1-142-520-1236','congue.in.scelerisque@outlook.com','Ishmael Humphrey',13,1),
  (14,'1-527-554-7345','dui.nec@yahoo.edu','Calista Talley',14,2),
  (15,'1-454-283-6756','sollicitudin@yahoo.ca','Rajah Matthews',15,1),
  (16,'(726) 811-6037','dictum.eleifend@icloud.couk','Amelia Phelps',16,3),
  (17,'1-633-578-8892','blandit.viverra@aol.couk','Fatima Chaney',17,5),
  (18,'(737) 220-3709','ullamcorper.eu@aol.ca','Jacob James',18,2),
  (19,'(623) 522-2528','amet.massa@protonmail.org','Brittany Cline',19,4),
  (20,'1-416-328-0725','nibh.dolor.nonummy@yahoo.couk','Germaine Robinson',20,4),
  (21,'1-873-241-9773','aliquam.adipiscing@aol.org','Wendy Logan',21,5),
  (22,'1-330-308-7558','nec.diam@hotmail.edu','Vincent Raymond',22,6),
  (23,'(881) 613-4721','at.arcu@protonmail.ca','Linus Kennedy',23,5),
  (24,'(597) 161-0718','sit@hotmail.ca','Clementine Fry',24,6),
  (25,'1-272-287-2168','erat.neque@yahoo.net','Hamish Mills',25,5),
  (26,'1-366-587-6177','blandit@icloud.ca','Chaim Stevenson',26,1),
  (27,'(352) 839-4082','vestibulum.mauris.magna@outlook.net','Darius Carroll',27,4),
  (28,'(210) 513-6028','rutrum@outlook.couk','Leandra Nash',28,1),
  (29,'(108) 552-7622','a@protonmail.com','Conan Robles',29,2),
  (30,'(651) 877-9273','penatibus@icloud.couk','Zeph Raymond',30,5),
  (31,'(663) 665-1800','donec.elementum@icloud.ca','Jael Flynn',31,3),
  (32,'1-594-275-8987','etiam@outlook.org','Stephanie Tanner',32,2),
  (33,'1-362-461-8988','vehicula.aliquet@hotmail.net','Vera Roth',33,1),
  (34,'(855) 425-1052','amet@icloud.org','Ferdinand Figueroa',34,6),
  (35,'1-685-587-7423','praesent.interdum@outlook.couk','Stone French',35,3),
  (36,'(306) 362-2532','morbi.sit.amet@protonmail.couk','Nehru Workman',36,1),
  (37,'1-558-567-8978','enim.etiam@icloud.ca','Aretha Dillon',37,4),
  (38,'(242) 233-6938','orci.in.consequat@icloud.net','Duncan Ruiz',38,4),
  (39,'1-321-314-7777','aliquam.erat@google.couk','Amery Vazquez',39,4),
  (40,'(373) 754-8459','in.mi.pede@icloud.edu','Aaron Banks',40,3),
  (41,'(915) 127-5874','tincidunt.aliquam@protonmail.couk','Germane Wilcox',41,4),
  (42,'(525) 714-2134','auctor.ullamcorper@google.edu','Moses Hester',42,3),
  (43,'1-588-122-0565','ornare.placerat.orci@aol.ca','Daryl Gamble',43,1),
  (44,'(721) 212-3171','faucibus.orci.luctus@yahoo.com','Giacomo Dunlap',44,5),
  (45,'(374) 220-5299','risus@google.edu','Karyn Horton',45,6),
  (46,'(266) 484-3253','turpis@protonmail.ca','Galena Palmer',46,3),
  (47,'1-837-583-0788','dapibus.gravida.aliquam@yahoo.org','Rhonda Montoya',47,5),
  (48,'(706) 451-7437','tincidunt@hotmail.edu','Kenneth Long',48,6),
  (49,'(787) 856-1508','aliquet.proin.velit@protonmail.net','Georgia Waters',49,5),
  (50,'1-902-644-5753','elit.curabitur@google.net','Tatum Mckinney',50,6);

insert into renting_instrument (instrument_id, instrument_brand, form_date, to_date, student_adress, instrument_price, max_time, amount_of_instrument, available, student_id) values (1696, 'Avaveo', '2021-01-02', '2022-01-01', '053 Loomis Crossing', 9541, '2022-01-02', 1, 0, 1);
insert into renting_instrument (instrument_id, instrument_brand, form_date, to_date, student_adress, instrument_price, max_time, amount_of_instrument, available, student_id) values (6829, 'Topicblab', '2021-03-04', '2022-01-04', '1166 Kropf Lane', 9400, '2022-03-04', 2, 1, 2);
insert into renting_instrument (instrument_id, instrument_brand, form_date, to_date, student_adress, instrument_price, max_time, amount_of_instrument, available, student_id) values (3072, 'Divavu', '1971-12-12', '1972-06-12', '994 Hoepker Way', 4495, '1972-12-12', 1, 0, 3);
insert into renting_instrument (instrument_id, instrument_brand, form_date, to_date, student_adress, instrument_price, max_time, amount_of_instrument, available, student_id) values (5984, 'Kwinu', '0001-01-01', '0001-03-01', '9141 Texas Drive', 8802, '0002-01-01', 1, 1, 4);
insert into renting_instrument (instrument_id, instrument_brand, form_date, to_date, student_adress, instrument_price, max_time, amount_of_instrument, available, student_id) values (7495, 'Vitz', '1886-11-23', '1887-01-23', '742 Anniversary Drive', 2540, '1887-11-23', 1, 0, 5);

INSERT INTO lesson (level_id, individual_id, group_id, ensamble_id, price_id)
VALUES
  (1,5,null,null,2),
  (1,5,null,null,3),
  (3,3,null,null,2),
  (2,2,null,null,2),
  (3,4,null,null,1),
  (2,5,null,null,1),
  (2,2,null,null,1),
  (3,4,null,null,2),
  (2,5,null,null,3),
  (2,3,null,null,1),
  (2,3,null,null,2),
  (1,1,null,null,3),
  (2,2,null,null,3),
  (1,1,null,null,2),
  (1,5,null,null,2),
  (2,6,null,null,2),
  (1,2,null,null,2),
  (1,2,null,null,2),
  (1,2,null,null,1),
  (2,3,null,null,3),
  (1,3,null,null,2),
  (1,3,null,null,1),
  (2,5,null,null,3),
  (2,5,null,null,3),
  (2,1,null,null,3),
  (2,4,null,null,1),
  (1,4,null,null,1),
  (3,6,null,null,1),
  (2,2,null,null,2),
  (1,3,null,null,2),
  (2,2,null,null,2),
  (3,2,null,null,2),
  (1,3,null,null,1),
  (3,3,null,null,2),
  (1,4,null,null,3),
  (3,4,null,null,2),
  (3,2,null,null,1),
  (2,5,null,null,2),
  (1,6,null,null,2),
  (3,3,null,null,2),
  (2,5,null,null,2),
  (2,3,null,null,1),
  (3,4,null,null,2),
  (2,2,null,null,2),
  (1,3,null,null,3),
  (1,5,null,null,2),
  (2,4,null,null,2),
  (2,5,null,null,2),
  (3,2,null,null,3),
  (2,4,null,null,1);
  INSERT INTO lesson (level_id,group_id,individual_id,ensamble_id,price_id)
VALUES
  (3,4,null,null,1),
  (1,2,null,null,2),
  (2,5,null,null,3),
  (2,4,null,null,2),
  (2,4,null,null,2),
  (2,1,null,null,3),
  (1,1,null,null,1),
  (2,3,null,null,3),
  (2,3,null,null,2),
  (2,6,null,null,2),
  (3,4,null,null,2),
  (3,5,null,null,2),
  (1,5,null,null,2),
  (2,2,null,null,1),
  (2,5,null,null,2),
  (2,4,null,null,1),
  (3,1,null,null,1),
  (2,2,null,null,1),
  (2,3,null,null,3),
  (2,3,null,null,2),
  (2,1,null,null,2),
  (1,2,null,null,3),
  (1,1,null,null,3),
  (2,2,null,null,2),
  (2,3,null,null,2),
  (1,5,null,null,3),
  (1,4,null,null,2),
  (1,5,null,null,3),
  (2,2,null,null,1),
  (2,2,null,null,3),
  (3,4,null,null,2),
  (2,3,null,null,1),
  (3,5,null,null,3),
  (1,1,null,null,1),
  (1,3,null,null,2),
  (3,4,null,null,1),
  (2,3,null,null,2),
  (3,2,null,null,1),
  (2,5,null,null,2),
  (3,1,null,null,2),
  (1,2,null,null,1),
  (2,4,null,null,1),
  (2,3,null,null,2),
  (3,3,null,null,2),
  (2,2,null,null,1),
  (2,6,null,null,2),
  (2,1,null,null,3),
  (2,3,null,null,2),
  (1,2,null,null,3),
  (2,2,null,null,3);
INSERT INTO lesson (level_id,ensamble_id,individual_id,group_id,price_id)
VALUES
  (1,3,null,null,2),
  (3,3,null,null,2),
  (2,2,null,null,2),
  (1,1,null,null,3),
  (3,1,null,null,3),
  (3,3,null,null,2),
  (1,2,null,null,3),
  (2,3,null,null,2),
  (2,2,null,null,3),
  (2,3,null,null,3),
  (2,2,null,null,3),
  (2,1,null,null,3),
  (3,3,null,null,2),
  (1,2,null,null,2),
  (3,3,null,null,2),
  (1,3,null,null,3),
  (2,2,null,null,2),
  (3,2,null,null,3),
  (3,2,null,null,1),
  (3,2,null,null,2),
  (1,2,null,null,2),
  (3,1,null,null,2),
  (2,1,null,null,1),
  (1,1,null,null,2),
  (2,3,null,null,2),
  (3,2,null,null,3),
  (2,1,null,null,2),
  (3,2,null,null,2),
  (2,3,null,null,1),
  (1,3,null,null,3),
  (2,3,null,null,2),
  (1,3,null,null,2),
  (2,2,null,null,3),
  (3,2,null,null,2),
  (3,1,null,null,1),
  (2,3,null,null,2),
  (2,3,null,null,2),
  (3,2,null,null,2),
  (3,3,null,null,1),
  (3,3,null,null,2),
  (1,3,null,null,2),
  (1,2,null,null,2),
  (3,1,null,null,2),
  (1,3,null,null,2),
  (2,1,null,null,3),
  (2,1,null,null,3),
  (3,2,null,null,2),
  (3,3,null,null,3),
  (1,2,null,null,3),
  (1,2,null,null,2);


INSERT INTO schedule (date, time, personal_schedule_id, instructor_id, student_id, lesson_id)
VALUES
  ('2022-12-28','02:14',1,11,40,127),
  ('2023-01-21','09:44',2,34,45,141),
  ('2023-12-02','06:40',3,21,21,75),
  ('2022-12-30','18:07',4,22,50,148),
  ('2022-03-15','18:54',5,37,24,91),
  ('2023-04-08','09:19',6,29,17,103),
  ('2023-12-11','14:02',7,22,20,128),
  ('2023-04-02','02:34',8,39,49,1),
  ('2022-12-14','11:22',9,22,35,5),
  ('2022-10-02','11:43',10,33,50,81),
  ('2022-03-07','05:26',11,40,49,51),
  ('2022-09-11','21:06',12,30,25,70),
  ('2023-01-31','15:51',13,49,31,82),
  ('2022-11-26','01:25',14,31,26,122),
  ('2022-06-13','12:55',15,44,23,24),
  ('2022-01-06','07:39',16,39,7,53),
  ('2022-12-24','10:42',17,11,45,19),
  ('2023-12-25','19:04',18,11,15,55),
  ('2023-12-22','22:19',19,11,22,48),
  ('2022-05-19','13:59',20,23,37,123),
  ('2023-04-22','09:48',21,20,43,72),
  ('2023-09-16','05:56',22,9,13,4),
  ('2022-03-11','04:02',23,39,18,75),
  ('2022-04-21','00:47',24,8,6,40),
  ('2022-05-21','12:52',25,6,24,100),
  ('2022-09-01','22:14',26,13,29,2),
  ('2023-10-16','11:06',27,14,37,70),
  ('2023-01-27','22:03',28,7,37,50),
  ('2023-04-10','03:47',29,14,6,15),
  ('2021-12-23','05:41',30,26,9,116),
  ('2023-02-04','23:44',31,36,48,56),
  ('2022-03-13','20:03',32,28,3,38),
  ('2022-06-23','11:28',33,42,3,107),
  ('2023-03-14','08:27',34,38,19,41),
  ('2022-12-08','08:16',35,9,16,22),
  ('2023-10-13','04:32',36,20,27,27),
  ('2023-08-01','07:11',37,7,35,69),
  ('2022-01-19','10:46',38,24,33,75),
  ('2023-05-01','03:56',39,5,42,93),
  ('2022-08-16','13:36',40,48,11,4),
  ('2022-01-16','13:19',41,3,12,107),
  ('2022-10-08','03:47',42,48,42,21),
  ('2022-12-27','02:14',43,6,43,128),
  ('2022-12-11','20:43',44,15,13,52),
  ('2023-12-03','02:47',45,6,3,9),
  ('2022-06-18','03:28',46,5,30,113),
  ('2022-03-13','14:18',47,12,43,143),
  ('2023-02-27','23:43',48,6,28,137),
  ('2023-10-15','16:00',49,3,5,24),
  ('2022-01-20','18:51',50,15,25,87);
INSERT INTO schedule (date,time,personal_schedule_id,instructor_id,student_id,lesson_id)
VALUES
  ('2023-09-26','03:46',51,6,21,42),
  ('2022-09-22','06:05',52,26,42,57),
  ('2023-10-14','21:01',53,46,25,60),
  ('2022-10-26','13:00',54,36,31,138),
  ('2023-07-06','13:08',55,6,11,19),
  ('2023-12-03','12:52',56,32,8,94),
  ('2023-09-06','05:40',57,44,32,41),
  ('2022-10-25','14:11',58,27,16,36),
  ('2023-04-23','03:26',59,5,22,140),
  ('2022-04-10','22:39',60,15,16,72),
  ('2023-04-09','09:12',61,14,5,43),
  ('2023-07-04','18:13',62,35,26,18),
  ('2022-12-08','21:35',63,48,44,124),
  ('2023-07-15','16:12',64,5,29,17),
  ('2022-07-27','09:50',65,22,9,113),
  ('2022-06-10','16:47',66,3,15,53),
  ('2022-08-15','06:16',67,37,7,122),
  ('2023-07-31','10:45',68,19,16,26),
  ('2023-03-24','04:11',69,49,37,139),
  ('2023-08-19','23:54',70,44,2,71),
  ('2023-03-09','05:17',71,8,42,52),
  ('2023-03-12','07:47',72,7,30,123),
  ('2022-06-29','19:26',73,8,25,146),
  ('2023-04-18','11:48',74,20,27,100),
  ('2022-03-14','10:56',75,41,29,30),
  ('2023-10-19','17:20',76,25,40,33),
  ('2022-08-28','12:50',77,30,13,67),
  ('2022-08-16','08:52',78,34,48,39),
  ('2023-02-25','06:45',79,39,31,17),
  ('2023-08-26','06:27',80,45,27,52),
  ('2023-08-18','01:56',81,10,45,71),
  ('2023-01-11','04:58',82,24,2,102),
  ('2022-12-15','12:58',83,21,21,77),
  ('2023-07-13','22:24',84,19,47,50),
  ('2022-08-31','19:10',85,17,6,46),
  ('2023-02-25','20:30',86,49,37,94),
  ('2022-03-05','09:51',87,3,35,68),
  ('2022-12-19','23:30',88,10,45,123),
  ('2022-07-07','12:37',89,47,26,79),
  ('2022-02-07','08:16',90,27,38,40),
  ('2023-02-24','17:29',91,42,25,5),
  ('2022-02-19','16:02',92,15,9,122),
  ('2022-05-07','14:35',93,48,34,79),
  ('2022-07-06','17:12',94,13,5,148),
  ('2023-10-27','22:19',95,23,39,28),
  ('2022-09-01','14:48',96,12,19,25),
  ('2022-04-27','06:50',97,22,36,127),
  ('2022-09-18','04:01',98,22,39,128),
  ('2023-10-09','07:07',99,4,23,26),
  ('2023-09-22','00:33',100,21,26,106);


insert into sibling_discount (student_id, sibling_id) VALUES
(1,2),
(2,1),
(4,5),
(5,4), 
(6,7),
(6,8),
(7,8),
(7,6),
(8,6),
(8,7);
